{
  "milestone": "2.2 - Encoder Freezing (FIXED)",
  "freeze_schedule": [
    "Epoch 16: FROZEN",
    "Epoch 17: UNFROZEN",
    "Epoch 18: UNFROZEN",
    "Epoch 19: UNFROZEN",
    "Epoch 20: UNFROZEN",
    "Epoch 21: FROZEN",
    "Epoch 22: UNFROZEN",
    "Epoch 23: UNFROZEN",
    "Epoch 24: UNFROZEN",
    "Epoch 25: UNFROZEN",
    "Epoch 26: FROZEN",
    "Epoch 27: UNFROZEN",
    "Epoch 28: UNFROZEN",
    "Epoch 29: UNFROZEN",
    "Epoch 30: UNFROZEN",
    "Epoch 31: FROZEN",
    "Epoch 32: UNFROZEN",
    "Epoch 33: UNFROZEN",
    "Epoch 34: UNFROZEN",
    "Epoch 35: UNFROZEN",
    "Epoch 36: FROZEN",
    "Epoch 37: UNFROZEN",
    "Epoch 38: UNFROZEN",
    "Epoch 39: UNFROZEN",
    "Epoch 40: UNFROZEN"
  ],
  "losses": [
    7.9855370967328545,
    6.3645051975756886,
    5.529189189875126,
    4.974861994385719,
    4.5859050100639465,
    4.2976250147596,
    4.0843374730482696,
    3.916079192984104,
    3.7815135773301125,
    3.6594932202741504,
    3.544255792481452,
    3.473788973966241,
    3.4085330453917386,
    3.332161649274081,
    3.260253529763967,
    3.2041472297988833,
    3.1556117235958574,
    3.1318370742678643,
    3.0787916893579066,
    3.058599167764187,
    3.0182359682552518,
    2.9929705136679114,
    2.957263459310681,
    2.9153241374246774,
    2.8955667264051734
  ],
  "config": {
    "model_path": "output/translator.pt",
    "augmented_data_path": "output/phase_5_milestone_2_1/trilingual_augmented_3x.csv",
    "en_am_path": "output/data_final/amharic_english_final.csv",
    "am_or_path": "output/data_final/amharic_oromo_final.csv",
    "output_dir": "output/phase_5_milestone_2_2",
    "batch_size": 64,
    "learning_rate": 0.0003,
    "epochs": 25,
    "freeze_every_n_epochs": 5,
    "freeze_duration": 1,
    "d_model": 128,
    "n_heads": 4,
    "n_layers": 2,
    "max_seq_length": 50,
    "tokenizer_path": "output/spm_unified_multilingual.model",
    "epoch_size": 80000,
    "val_every": 3
  },
  "verification": {
    "batch_composition": {},
    "epoch_size": 80000,
    "trilingual_weight": 1.5,
    "bilingual_weight": 1.0
  }
}